row ID,row m/z,row retention time,row ion mobility,row ion mobility unit,row CCS,correlation group ID,annotation network number,best ion,auto MS2 verify,identified by n=,partners,neutral M mass,8449_8453.mzML Peak height,7302_7305.mzML Peak height,7318_7321.mzML Peak height,7319_7322.mzML Peak height,6132_6136.mzML Peak height,7320_7323.mzML Peak height,5440_5439.mzML Peak height,8448_8452.mzML Peak height,6134_6138.mzML Peak height,7300_7303.mzML Peak height,7432_7431.mzML Peak height,6133_6137.mzML Peak height,8447_8451.mzML Peak height,
316,301.06868247303623,12.34115,,,,,,,,,,,301.07083,0,0,0,0,0,0,0,0,0,0,0,301.06998,
371,302.3034685652637,13.480355,,,,,,,,,,,0,0,302.3057,0,0,302.30603,0,0,0,0,302.30536,0,0,
337,302.3036995526656,12.871295,,,,,,,,,,,302.3061,0,0,0,0,0,0,302.30603,0,0,0,0,302.30386,
167,304.0799502634041,6.6895165,,,,,,,,,,,0,0,0,0,0,0,0,304.083,0,0,0,0,0,
97,304.1744433145315,4.529661,,,,,,,,,,,0,0,304.17606,0,0,0,0,0,304.17596,304.17587,0,0,0,
496,305.1927448214295,16.03855,,,,,,,,,,,0,0,0,0,0,0,0,0,0,0,0,0,305.19516,
215,309.2233310041241,9.443494,,,,,,,,,,,0,0,0,309.2262,0,0,0,0,0,0,0,309.2251,309.22418,
85,310.1277402166196,3.91305,,,,,,,,,,,310.1307,0,310.12967,310.12936,0,0,0,0,310.12967,310.1297,0,310.13016,310.1307,
62,310.1283520570261,2.8107166,,,,,,,,,,,0,0,310.13208,0,0,0,0,0,310.13077,0,0,0,0,
99,311.13351558600965,4.7829,,,,,,,,,,,0,0,0,0,0,0,0,0,0,311.1372,0,0,0,
594,312.2642071964008,18.01885,,,,,,,,,,,0,0,0,0,0,0,312.26572,0,0,0,0,0,0,
310,316.28115872567605,12.231916,,,,,,,,,,,0,0,0,0,0,0,0,0,0,0,0,0,316.28247,
278,318.298386360037,11.531616,,,,,,,,,,,318.3004,0,0,0,0,0,0,318.30234,0,0,0,0,0,
291,319.0905574693647,11.92935,,,,,,,,,,,0,0,0,0,0,0,0,0,0,0,319.09253,0,0,
229,323.201983128213,9.851944,,,,,,,,,,,0,0,0,323.20547,0,0,0,0,0,0,0,323.20346,323.20404,
35,325.11243698370185,2.2459023,,,,,,,,,,,325.11618,325.11493,0,325.11496,325.11392,325.11792,325.11423,325.11508,0,0,325.1142,0,0,
46,326.1247558740093,2.4936914,,,,,,,,,,,0,0,326.13098,326.12866,0,0,0,0,0,0,0,0,0,
92,328.13854576916367,4.2269955,,,,,,,,,,,0,0,328.144,328.14203,0,0,0,0,328.14035,328.141,0,0,0,
52,328.13875034877236,2.6078165,,,,,,,,,,,0,0,328.1418,0,0,0,0,0,0,0,0,0,0,
180,330.20013717147845,7.7756333,,,,,,,,,,,0,0,0,0,0,0,0,0,330.20374,0,0,0,0,
460,330.3341061823043,15.116944,,,,,,,,,,,0,330.3365,330.33615,0,0,0,0,0,0,0,330.33807,0,0,
429,330.33443348959605,14.5814,,,,,,,,,,,330.33716,0,0,0,0,0,0,330.3379,330.336,0,0,0,330.3354,
227,331.2051910197581,9.801023,,,,,,,,,,,0,0,0,331.20868,0,0,0,0,0,0,0,331.20667,331.2056,
179,340.18309730453836,7.487833,,,,,,,,,,,0,0,340.1858,0,0,0,0,0,0,340.18622,0,0,0,
351,342.05198729089045,13.059483,,,,,,,,,,,0,0,0,0,0,0,0,0,0,342.05313,0,0,0,
50,344.13551146080357,2.5852835,,,,,,,,,,,0,0,344.13947,0,0,0,0,0,0,0,0,0,0,
231,345.1840805671875,9.884033,,,,,,,,,,,0,0,0,345.18735,0,0,0,0,0,0,0,345.18585,345.18567,
198,346.14923567603785,8.678766,,,,,,,,,,,0,346.15094,0,0,0,346.1499,0,0,0,346.14984,346.1513,0,0,
69,348.0697138465259,3.4175444,,,,,,,,,,,0,348.07294,348.07324,348.07263,0,348.07187,0,0,348.07162,348.07065,0,0,0,
41,348.06977437905226,2.3356166,,,,,,,,,,,0,0,0,0,0,0,0,0,0,348.07535,0,0,0,
38,354.10985324032475,2.2819333,,,,,,,,,,,0,0,0,0,0,0,0,354.11414,0,0,0,0,0,
228,356.16627297387856,9.841617,,,,,,,,,,,0,0,0,0,0,0,0,0,0,356.16794,0,0,0,
242,356.1663863856707,10.253866,,,,,,,,,,,0,0,0,0,0,0,0,0,0,356.1713,0,0,0,
90,357.2068814927574,4.172317,,,,,,,,,,,0,0,357.20847,0,0,0,0,0,357.2087,357.2107,0,0,0,
509,358.36594076758655,16.324966,,,,,,,,,,,358.37027,0,0,0,0,0,0,358.36963,0,0,0,0,358.36874,
173,360.1902247170803,7.117733,,,,,,,,,,,0,0,360.19308,0,0,0,0,0,360.1933,360.19263,0,0,0,
161,364.16199573869983,6.5130167,,,,,,,,,,,0,0,0,0,0,0,364.16278,0,0,0,364.16412,0,0,
36,365.10502355175026,2.2499154,,,,,,,,,,,365.11157,365.1059,365.10742,365.10767,365.10703,0,365.1076,365.10886,365.10715,365.10565,365.1073,365.1062,365.11124,
110,367.15021816018134,5.3170414,,,,,,,,,,,0,0,367.15317,367.15326,0,0,0,0,0,0,0,0,0,
259,367.265210695301,10.806567,,,,,,,,,,,0,0,0,367.26718,0,0,0,0,0,0,0,367.26654,367.26584,
95,376.159759768401,4.3215775,,,,,,,,,,,0,0,0,376.16296,0,0,0,0,0,0,0,376.16168,376.1646,
63,376.16021690906285,2.8146002,,,,,,,,,,,0,0,0,0,0,0,0,0,0,0,0,0,376.16394,
230,376.183562724876,9.873783,,,,,,,,,,,0,0,376.18903,0,0,0,0,0,0,0,0,0,0,
169,377.1446673467694,6.9173164,,,,,,,,,,,0,0,0,0,0,0,0,0,377.14856,377.14862,0,377.1464,0,
32,381.0791159001068,2.2163212,,,,,,,,,,,381.08463,381.08112,0,381.08237,0,0,0,0,381.0809,0,381.0833,381.07965,381.08148,
123,387.67995259641793,5.6346664,,,,,,,,,,,0,0,0,0,0,0,0,0,0,387.68283,0,0,0,
251,389.24678141187206,10.595656,,,,,,,,,,,0,0,0,389.24966,0,0,0,0,0,0,0,389.24802,389.24786,
112,391.20076484670835,5.379283,,,,,,,,,,,0,0,391.20303,0,0,0,0,0,0,0,0,0,0,
100,391.20208901453276,4.8910947,,,,,,,,,,,0,0,391.2056,0,0,0,0,0,391.2066,391.20624,0,0,0,
103,393.2178300851453,5.173528,,,,,,,,,,,0,0,393.21982,0,0,0,0,0,393.2204,393.22043,0,0,0,
64,393.2197223662799,2.8207831,,,,,,,,,,,0,0,0,0,0,0,0,0,0,393.22278,0,0,0,
96,393.219809354588,4.4195385,,,,,,,,,,,0,0,393.2227,0,0,0,0,0,0,0,0,393.22278,393.22418,
174,394.1939858824339,7.13935,,,,,,,,,,,0,0,394.19586,0,0,0,0,0,0,0,0,0,0,
184,396.15816453738967,7.91475,,,,,,,,,,,0,0,0,0,0,0,0,0,0,0,396.16092,0,0,
171,397.2057189388525,6.9984503,,,,,,,,,,,0,0,397.20663,0,0,0,0,0,0,0,0,0,0,
196,398.14676359006563,8.637183,,,,,,,,,,,0,0,0,0,0,0,0,0,398.1512,398.15042,0,0,0,
257,398.3380810772086,10.782717,,,,,,,,,,,0,0,398.33994,0,0,0,0,0,0,0,0,0,0,
150,403.1788770974534,6.287973,,,,,,,,,,,0,403.17957,0,0,0,0,0,0,403.1842,403.18665,0,0,0,
271,403.22614862537336,11.213056,,,,,,,,,,,0,0,0,403.23123,0,0,0,0,0,0,0,403.22836,403.2295,
255,405.2188896930485,10.736134,,,,,,,,,,,0,0,0,0,0,0,0,0,0,0,0,0,405.22388,
390,405.7482044019623,13.799292,,,,,,,,,,,0,405.7526,0,0,0,0,0,0,405.75,0,0,0,0,
126,407.23254395860215,5.760696,,,,,,,,,,,0,0,407.237,0,0,0,0,0,407.23508,407.23608,0,0,407.23553,
74,409.1803904957603,3.5777917,,,,,,,,,,,0,0,0,0,0,0,409.18225,0,0,0,409.1838,0,0,
128,411.8100927566866,5.84095,,,,,,,,,,,0,411.81268,0,0,0,0,0,0,0,0,0,0,0,
58,412.18076143916056,2.7473,,,,,,,,,,,0,0,0,0,0,0,0,0,0,412.18423,0,0,0,
107,412.18158191041067,5.2714,,,,,,,,,,,0,412.18475,0,0,0,412.1833,0,0,412.18448,412.18665,0,0,0,
298,412.28201493931147,12.00925,,,,,,,,,,,0,412.28287,0,0,0,412.28348,0,412.28452,0,0,0,0,0,
424,414.29812379298664,14.477056,,,,,,,,,,,0,414.30078,0,0,0,414.3011,0,414.30106,0,0,0,0,0,
493,415.2095099065876,16.009632,,,,,,,,,,,415.2142,415.21112,415.2108,415.21085,415.2112,415.21115,415.21426,415.2129,415.21207,415.21158,415.21103,415.2104,415.2103,
422,417.2773532223473,14.394317,,,,,,,,,,,0,0,0,0,0,0,0,0,0,0,0,417.2816,0,
135,423.1959377290212,6.004467,,,,,,,,,,,0,0,0,0,0,0,423.19888,0,0,0,423.19803,0,0,
157,425.19233563920073,6.4232774,,,,,,,,,,,0,0,425.19724,0,0,0,0,0,425.19388,425.19504,0,0,0,
124,427.2055040978238,5.67975,,,,,,,,,,,0,0,0,0,0,0,0,0,0,427.2103,0,0,0,
308,430.2929708456806,12.1522,,,,,,,,,,,0,430.2953,0,0,0,430.2944,0,430.29672,0,0,0,0,0,
354,432.17306286802716,13.128384,,,,,,,,,,,0,0,0,0,0,0,0,0,0,0,432.17502,0,0,
495,432.23569908995944,16.033924,,,,,,,,,,,0,432.23804,0,0,0,432.23666,0,0,0,0,0,0,0,
426,432.3086870047055,14.510949,,,,,,,,,,,0,432.31018,0,0,0,432.3093,0,432.3121,0,0,0,0,0,
498,437.19104203504503,16.052153,,,,,,,,,,,0,437.1949,437.1922,437.19275,0,437.19336,437.19434,0,437.19348,437.19434,437.1942,437.1914,0,
642,438.2860022285232,18.972107,,,,,,,,,,,0,0,0,438.28958,0,0,0,0,0,0,0,438.28754,0,
244,439.0594440409806,10.367939,,,,,,,,,,,0,0,439.06113,0,0,0,0,0,439.06134,439.06085,0,0,0,
288,439.2863232962426,11.846926,,,,,,,,,,,0,0,0,439.28928,0,0,0,0,0,0,0,439.2877,0,
285,442.33253971708655,11.724906,,,,,,,,,,,0,0,0,442.3348,0,0,0,0,0,0,0,442.33398,442.33432,
353,445.06152292539423,13.119583,,,,,,,,,,,0,0,0,0,0,0,445.06448,0,0,0,445.06348,0,0,
312,445.2730086083387,12.262183,,,,,,,,,,,0,0,0,445.2757,0,0,0,0,0,0,0,0,0,
646,445.27562819329404,19.023016,,,,,,,,,,,0,0,0,0,0,0,0,0,0,0,0,445.2822,0,
297,447.2886981204412,11.992145,,,,,,,,,,,0,0,0,447.29135,0,0,0,0,0,0,0,447.29004,447.29346,
279,448.2916107535959,11.576172,,,,,,,,,,,0,0,0,448.29382,0,0,0,0,0,0,0,448.29425,448.29446,
299,448.30323305187085,12.011162,,,,,,,,,,,0,448.30508,0,0,0,448.30673,0,448.3051,0,0,0,0,0,
423,450.3191061091422,14.469533,,,,,,,,,,,0,450.32108,0,0,0,450.32166,0,450.3214,0,0,0,0,0,
281,452.3344851126976,11.632383,,,,,,,,,,,0,0,0,0,0,0,0,452.33582,0,0,0,0,0,
547,454.29074703427057,17.064566,,,,,,,,,,,0,0,0,454.29343,0,0,0,0,0,0,454.29614,0,0,
137,455.2127762740488,6.02795,,,,,,,,,,,0,0,455.21466,0,0,0,0,0,0,0,0,0,0,
105,457.2160745395501,5.202409,,,,,,,,,,,0,0,457.21936,0,0,0,0,0,457.21918,457.21976,0,0,457.21997,
313,461.26775865850584,12.295067,,,,,,,,,,,0,0,0,461.27118,0,0,0,0,0,0,0,0,461.26974,
378,462.2648316921553,13.659891,,,,,,,,,,,0,462.2681,0,0,0,462.26935,0,0,0,0,0,0,0,
284,463.2613822293727,11.700784,,,,,,,,,,,0,0,0,0,0,0,0,0,0,0,0,0,463.2642,
489,466.2906737292097,15.9484,,,,,,,,,,,0,0,0,0,0,0,0,0,0,0,0,0,466.2939,
525,466.2909231825858,16.791317,,,,,,,,,,,466.2946,0,0,0,0,0,0,0,0,0,466.29248,0,466.29242,
295,466.3143610325587,11.975395,,,,,,,,,,,0,466.31604,0,0,0,466.31754,0,466.31607,0,0,0,0,0,
560,468.3058683646054,17.577032,,,,,,,,,,,0,0,0,0,0,0,0,0,0,0,0,0,468.30795,
606,468.30652334081054,18.476368,,,,,,,,,,,0,0,0,0,0,0,0,0,0,0,468.3082,0,0,
686,474.2972353625759,19.924774,,,,,,,,,,,0,0,0,474.30203,0,0,0,0,0,0,0,474.29904,0,
485,475.31948794464665,15.924601,,,,,,,,,,,0,0,0,0,0,0,0,0,0,0,0,475.3241,0,
290,477.24215039510466,11.898434,,,,,,,,,,,0,0,0,0,0,0,0,0,0,0,0,0,477.24548,
205,477.2428013171922,9.060949,,,,,,,,,,,0,477.2459,477.24347,0,0,477.24496,0,0,0,477.2454,0,0,0,
512,478.290358525043,16.482916,,,,,,,,,,,478.29562,0,0,0,0,0,0,0,0,0,0,478.29053,478.29282,
395,480.2754708941178,13.843208,,,,,,,,,,,0,480.27844,0,0,0,480.27826,0,0,0,0,0,0,0,
544,480.3061717801257,17.022196,,,,,,,,,,,480.3116,0,0,0,480.30948,0,0,0,480.30835,0,480.31085,480.30685,480.30762,
572,480.3068040203381,17.85684,,,,,,,,,,,480.31036,0,0,0,0,0,0,0,0,0,480.30936,480.30737,0,
632,482.32158773414994,18.84461,,,,,,,,,,,482.32608,0,0,0,0,0,0,0,0,0,0,482.32144,482.32388,
660,482.32179538104265,19.382507,,,,,,,,,,,482.3262,0,0,0,0,0,0,0,482.32367,0,482.3241,482.32178,482.32425,
336,483.34859215912,12.853367,,,,,,,,,,,0,0,0,483.3514,0,0,0,0,0,0,0,483.35062,483.35162,
465,484.29961040927293,15.390301,,,,,,,,,,,0,0,0,0,0,0,0,0,0,0,0,0,484.3013,
672,485.29030324465015,19.761168,,,,,,,,,,,0,0,0,0,0,0,0,0,0,0,0,485.29416,0,
29,490.1755921900447,2.1367,,,,,,,,,,,0,0,0,0,0,0,0,0,0,0,490.1773,0,0,
115,490.2680724638603,5.427244,,,,,,,,,,,0,0,490.27304,0,0,0,0,0,490.27338,490.27127,0,0,0,
331,492.07226135089036,12.706234,,,,,,,,,,,0,0,0,0,0,0,0,492.07562,0,0,0,0,0,
524,492.3062921483688,16.781942,,,,,,,,,,,492.31064,0,0,0,0,0,0,0,492.3085,0,0,492.30682,492.30728,
258,493.1190973965821,10.804825,,,,,,,,,,,0,493.11984,0,0,0,0,0,0,0,0,493.12268,0,0,
185,493.2557205224084,8.116,,,,,,,,,,,0,0,0,0,0,0,0,0,0,0,0,493.25906,0,
601,494.32192433287065,18.40465,,,,,,,,,,,494.3274,0,0,0,0,0,0,0,494.32404,0,0,494.32312,0,
669,496.3360705293354,19.66678,,,,,,,,,,,496.34113,496.34125,0,0,0,0,0,496.3404,0,0,0,496.33383,496.3381,
559,496.3363895088839,17.562962,,,,,,,,,,,0,0,0,496.341,0,0,0,0,0,0,0,496.33777,496.33914,
335,497.3277895848752,12.851284,,,,,,,,,,,0,0,0,497.33234,0,0,0,0,0,0,0,497.33157,0,
376,498.28621826387695,13.620292,,,,,,,,,,,0,498.2882,0,0,0,498.28897,0,0,0,0,0,0,0,
513,498.3152111557348,16.573917,,,,,,,,,,,0,0,0,0,0,0,0,0,0,0,0,0,498.31992,
323,500.37453759884687,12.498233,,,,,,,,,,,0,0,0,500.37738,0,0,0,0,0,0,0,500.37613,500.37622,
367,503.31490796367433,13.3567,,,,,,,,,,,0,0,0,503.31802,0,0,0,0,0,0,0,0,0,
352,505.33064408530373,13.060378,,,,,,,,,,,0,0,0,505.33453,0,0,0,0,0,0,0,505.3323,505.33246,
168,506.20305664313065,6.7309914,,,,,,,,,,,506.2083,0,0,0,0,0,506.20615,506.20676,0,506.2098,506.20868,0,506.2115,
324,506.3331018322465,12.548955,,,,,,,,,,,0,0,0,506.3368,0,0,0,0,0,0,0,506.33508,506.33466,
527,508.33516429416954,16.799217,,,,,,,,,,,0,0,0,0,0,0,0,0,0,0,0,0,508.34088,
663,508.3360801345408,19.532017,,,,,,,,,,,0,0,0,0,0,0,0,0,0,0,0,0,508.34082,
344,511.3344499302715,12.970651,,,,,,,,,,,0,0,0,0,0,0,0,0,0,0,0,0,511.33716,
102,513.2292248167864,5.141733,,,,,,,,,,,0,513.23334,0,0,0,0,0,0,0,513.2307,0,0,0,
364,514.3539156427319,13.259522,,,,,,,,,,,0,0,0,514.35626,0,0,0,0,0,0,0,514.35785,514.35675,
405,516.2964530151658,13.964434,,,,,,,,,,,0,516.2987,0,0,0,516.2991,0,0,0,0,0,0,0,
673,518.3203259550477,19.761168,,,,,,,,,,,0,0,0,0,0,0,0,0,0,0,0,518.3244,0,
362,519.310084218105,13.23955,,,,,,,,,,,0,0,0,519.31433,0,0,0,0,0,0,0,0,519.31055,
350,520.3128738184377,13.024556,,,,,,,,,,,0,0,0,520.31537,0,0,0,0,0,0,0,520.31525,520.316,
511,520.336502691723,16.477037,,,,,,,,,,,520.3422,0,520.34015,520.3393,0,0,0,0,0,0,0,520.3379,520.3386,
340,521.3088846119953,12.914949,,,,,,,,,,,0,0,0,0,0,0,0,0,0,0,0,521.3152,521.3125,
131,522.1982698762909,5.934695,,,,,,,,,,,0,0,0,0,522.2004,0,0,0,522.20087,0,0,522.2026,0,
113,522.1999744546774,5.3921,,,,,,,,,,,0,0,0,0,0,0,0,0,0,0,0,522.208,0,
165,522.2468000915709,6.6303725,,,,,,,,,,,0,0,522.25586,0,0,0,0,0,522.2496,522.2493,0,0,0,
596,522.3527534300146,18.056824,,,,,,,,,,,0,0,0,522.3564,0,0,0,0,0,0,0,0,522.35516,
691,524.3684450918068,19.948675,,,,,,,,,,,0,0,0,524.3725,0,0,0,0,0,0,0,0,524.3725,
34,525.1666571558618,2.2369,,,,,,,,,,,0,0,0,0,0,0,0,525.17017,0,0,0,0,0,
33,527.1577677837851,2.2242332,,,,,,,,,,,0,0,0,0,0,0,0,0,527.1647,0,0,0,0,
345,535.2830884851822,12.993167,,,,,,,,,,,0,0,0,0,0,0,0,0,0,0,0,0,535.2861,
494,536.2830676501322,16.027374,,,,,,,,,,,536.291,0,536.2839,0,0,536.2857,0,536.2893,0,0,0,0,536.2851,
91,538.2133910878165,4.22375,,,,,,,,,,,0,0,0,0,0,0,0,0,0,0,0,0,538.2172,
121,540.2522511795386,5.6331835,,,,,,,,,,,0,0,540.25696,0,0,0,0,0,0,0,0,0,0,
363,541.3545748092631,13.24115,,,,,,,,,,,0,0,0,0,0,0,0,0,0,0,0,0,541.36115,
404,541.3903089882798,13.932845,,,,,,,,,,,0,0,0,541.3949,0,0,0,0,0,0,0,541.3916,541.39374,
111,542.255857571344,5.344283,,,,,,,,,,,542.26105,0,0,0,542.2588,0,542.25964,0,0,0,542.2574,0,0,
202,551.296605979869,8.771033,,,,,,,,,,,0,0,0,0,0,0,0,0,0,0,0,551.2989,0,
189,554.3114537872227,8.225175,,,,,,,,,,,0,0,554.315,0,0,0,0,0,0,554.31525,0,0,0,
108,554.7500946286661,5.294767,,,,,,,,,,,0,0,0,0,0,0,0,0,0,0,0,0,554.7541,
380,555.3708061443339,13.695267,,,,,,,,,,,0,0,0,555.37427,0,0,0,0,0,0,0,0,0,
379,558.4163544284069,13.665944,,,,,,,,,,,0,0,0,558.4194,0,0,0,0,0,0,0,558.4179,558.41675,
399,563.3722479460345,13.883889,,,,,,,,,,,0,0,0,563.3761,0,0,0,0,0,0,0,563.3742,563.37506,
383,564.3749850094554,13.729672,,,,,,,,,,,0,0,0,564.3791,0,0,0,0,0,0,0,564.3776,564.37646,
406,569.3781643394863,13.979616,,,,,,,,,,,0,0,0,0,0,0,0,0,0,0,0,0,569.3834,
401,572.3959863982209,13.923542,,,,,,,,,,,0,0,0,572.3996,0,0,0,0,0,0,0,572.39777,0,
274,573.4082233697233,11.406717,,,,,,,,,,,0,0,0,0,0,0,0,573.41113,0,0,0,0,0,
210,576.3459818490057,9.2842,,,,,,,,,,,0,576.3494,0,0,0,0,0,0,0,0,0,0,0,
377,577.3508217904357,13.6403675,,,,,,,,,,,0,0,0,577.35394,0,0,0,0,0,0,0,0,577.3541,
412,578.3545588725758,14.0906725,,,,,,,,,,,0,0,0,578.35864,0,0,0,0,0,0,0,578.3571,578.35767,
389,579.3518030416285,13.7667675,,,,,,,,,,,0,0,0,0,0,0,0,0,0,0,0,579.3595,579.355,
209,592.3205406522089,9.250411,,,,,,,,,,,0,592.3222,592.3225,0,0,0,0,0,0,592.32196,0,0,0,
392,593.3250150617321,13.799316,,,,,,,,,,,0,0,0,0,0,0,0,0,0,0,0,0,593.3284,
223,596.3163770427826,9.715722,,,,,,,,,,,0,0,0,0,0,0,596.31934,0,0,596.3155,596.31854,0,0,
208,596.316749648208,9.211241,,,,,,,,,,,0,596.32043,596.3165,596.3171,0,596.3189,596.32074,0,0,596.31635,596.3201,0,0,
413,599.337208429392,14.1017,,,,,,,,,,,0,0,0,599.3421,0,0,0,0,0,0,0,0,0,
454,599.4319140516673,15.055722,,,,,,,,,,,0,0,0,599.4355,0,0,0,0,0,0,0,599.43274,599.43506,
175,601.33476227066,7.2013836,,,,,,,,,,,0,0,601.3389,0,0,0,0,0,0,0,0,0,0,
138,602.727963399919,6.0425997,,,,,,,,,,,0,602.7327,0,0,0,0,0,0,0,602.7313,0,0,0,
240,608.313952208339,10.240611,,,,,,,,,,,0,0,608.31793,0,0,608.3205,0,0,0,608.316,0,0,0,
176,610.2985708283829,7.3075166,,,,,,,,,,,0,610.301,0,0,0,0,0,0,0,0,0,0,0,
182,610.2988104067958,7.833033,,,,,,,,,,,0,610.3005,0,0,0,0,0,0,0,0,0,0,0,
221,610.3332229850331,9.688746,,,,,,,,,,,0,0,610.3342,610.33124,0,610.3367,610.3377,0,0,0,610.33844,0,0,
247,610.3348453971101,10.482267,,,,,,,,,,,0,0,0,0,0,0,610.3371,0,0,0,610.3355,0,0,
431,613.4126365899183,14.598483,,,,,,,,,,,0,0,0,613.4171,0,0,0,0,0,0,0,0,0,
435,616.4567871952066,14.743455,,,,,,,,,,,0,0,0,616.46136,0,0,0,0,0,0,0,616.4574,616.4589,
444,621.4143382595024,14.908788,,,,,,,,,,,0,0,0,621.4196,0,0,0,0,0,0,0,621.41534,621.4184,
438,622.416346555652,14.814845,,,,,,,,,,,0,0,0,622.42017,0,0,0,0,0,0,0,622.41754,622.4187,
510,625.0030772010616,16.399218,,,,,,,,,,,0,0,0,0,0,0,0,0,0,0,0,0,625.0087,
558,625.0032173998261,17.53195,,,,,,,,,,,0,0,0,0,0,0,0,0,0,0,0,0,625.013,
453,625.0064716696293,15.030717,,,,,,,,,,,625.012,0,0,0,0,0,0,0,0,0,0,0,0,
213,626.3248781416459,9.527383,,,,,,,,,,,0,0,626.3285,0,0,626.33136,0,0,0,626.3279,0,0,0,
246,626.3276915407629,10.413434,,,,,,,,,,,0,0,0,0,0,626.3308,0,0,0,0,0,0,0,
443,627.421868991484,14.89905,,,,,,,,,,,0,0,0,0,0,0,0,0,0,0,0,0,627.4268,
442,630.4378729304412,14.894183,,,,,,,,,,,0,0,0,630.4423,0,0,0,0,0,0,0,630.43835,0,
462,635.3951543817408,15.241016,,,,,,,,,,,0,0,0,635.4006,0,0,0,0,0,0,0,0,0,
449,636.3968916923901,14.957845,,,,,,,,,,,0,0,0,636.40137,0,0,0,0,0,0,0,636.4005,636.4,
149,639.3263160394373,6.2086277,,,,,,,,,,,0,639.32965,639.3305,0,0,0,0,0,0,639.3308,0,0,0,
222,640.3414493157838,9.695476,,,,,,,,,,,0,640.34436,0,0,0,0,0,0,0,640.3417,0,0,0,
250,640.3416222143421,10.538975,,,,,,,,,,,0,640.3468,640.34375,0,0,640.34467,0,0,0,640.3455,0,0,0,
451,651.3681689687911,15.0121,,,,,,,,,,,0,0,0,0,0,0,0,0,0,0,0,0,651.37213,
238,654.3576286498899,10.181534,,,,,,,,,,,0,654.36115,0,0,0,0,0,0,0,0,0,0,0,
262,654.3578699430445,10.8511,,,,,,,,,,,0,654.36084,0,0,0,654.36066,0,0,0,654.359,0,0,0,
447,657.3793037357195,14.947742,,,,,,,,,,,0,0,0,657.3839,0,0,0,0,0,0,0,657.38324,0,
155,663.3137425388971,6.412683,,,,,,,,,,,0,0,0,0,0,0,0,0,0,0,0,0,663.3194,
159,663.5687563242647,6.435217,,,,,,,,,,,0,0,0,0,0,0,0,0,0,0,0,0,663.57227,
235,667.3786791177835,10.133234,,,,,,,,,,,0,0,0,0,0,0,0,0,0,0,0,667.38245,0,
136,667.8374057521837,6.016267,,,,,,,,,,,0,667.8411,0,0,0,0,0,0,0,0,0,0,0,
143,669.3378039861184,6.081725,,,,,,,,,,,0,669.3403,0,0,0,669.343,0,0,0,0,0,0,0,
170,670.2710708795074,6.9549665,,,,,,,,,,,0,670.27716,0,0,0,0,0,0,0,0,0,0,0,
507,671.4531215572971,16.186535,,,,,,,,,,,0,0,0,671.45703,0,0,0,0,0,0,0,671.4537,0,
469,674.4970566317285,15.71225,,,,,,,,,,,0,0,0,674.5043,0,0,0,0,0,0,0,674.4979,674.50006,
393,676.4426591125506,13.799316,,,,,,,,,,,0,0,0,0,0,0,0,0,0,0,0,0,676.44556,
481,679.4555437282838,15.868256,,,,,,,,,,,0,0,0,679.461,0,0,0,0,0,0,0,679.45605,679.45776,
30,685.238535478519,2.19245,,,,,,,,,,,0,0,0,0,0,0,685.2432,0,0,0,0,0,0,
486,685.4619202074787,15.925867,,,,,,,,,,,0,0,0,0,0,0,0,0,0,0,0,0,685.46954,
145,688.3449707489291,6.102117,,,,,,,,,,,0,0,0,0,0,688.3477,0,0,0,0,0,0,0,
501,688.4790115088987,16.101849,,,,,,,,,,,0,0,0,688.48553,0,0,0,0,0,0,0,688.47986,0,
508,693.4362123376152,16.233883,,,,,,,,,,,0,0,0,693.43896,0,0,0,0,0,0,0,0,0,
475,694.4379035507994,15.770473,,,,,,,,,,,0,0,0,694.4458,0,0,0,0,0,0,0,694.4405,694.44116,
458,701.4659048628446,15.085667,,,,,,,,,,,0,0,0,0,0,0,0,0,0,0,0,0,701.47327,
147,704.3302092291862,6.1516333,,,,,,,,,,,0,704.33624,0,0,0,0,0,0,0,0,0,0,0,
31,707.2222914031477,2.1983583,,,,,,,,,,,707.22864,0,0,0,0,0,0,0,0,0,707.22437,0,0,
483,709.409498935023,15.90335,,,,,,,,,,,0,0,0,0,0,0,0,0,0,0,0,0,709.41425,
478,715.4192069200312,15.828334,,,,,,,,,,,0,0,0,715.42566,0,0,0,0,0,0,0,715.42194,0,
536,715.5150569158495,16.931816,,,,,,,,,,,0,0,0,715.5183,0,0,0,0,0,0,0,715.51715,0,
671,716.5182875115886,19.747974,,,,,,,,,,,716.52466,0,716.5213,0,0,0,0,0,0,0,0,0,0,
446,720.5117827970441,14.944134,,,,,,,,,,,0,0,0,0,0,0,0,0,0,0,0,0,720.52325,
610,722.5263750473428,18.537117,,,,,,,,,,,0,0,0,722.53455,0,0,0,0,0,0,0,0,0,
526,729.4948243542173,16.796024,,,,,,,,,,,0,0,0,729.4984,0,0,0,0,0,0,0,729.49585,0,
500,732.5020820985706,16.083633,,,,,,,,,,,0,0,0,0,0,0,0,0,0,0,0,0,732.50543,
551,732.5385967608864,17.177223,,,,,,,,,,,0,0,0,732.54553,0,0,0,0,0,0,0,732.5449,732.5408,
608,732.5509831388165,18.512266,,,,,,,,,,,0,0,0,0,0,0,0,0,732.5551,0,0,0,0,
430,734.488001004467,14.582916,,,,,,,,,,,0,0,0,0,0,0,0,0,0,0,0,0,734.49786,
635,734.5489601355807,18.899683,,,,,,,,,,,0,0,0,0,0,0,0,0,0,0,734.5548,0,0,
562,734.5558237912093,17.622307,,,,,,,,,,,0,734.5604,0,0,0,0,0,734.5605,0,0,0,0,0,
530,737.4980170313761,16.853855,,,,,,,,,,,0,0,0,737.5022,0,0,0,0,0,0,0,737.5013,737.5038,
538,746.5210374368609,16.962883,,,,,,,,,,,0,0,0,746.5245,0,0,0,0,0,0,0,746.5259,0,
514,746.5888701112502,16.594433,,,,,,,,,,,746.5948,0,0,0,0,0,0,0,0,0,0,0,0,
565,748.5496476027237,17.735384,,,,,,,,,,,0,0,0,0,748.5553,0,0,0,0,0,0,0,0,
667,750.5575301059971,19.626999,,,,,,,,,,,0,0,0,0,0,0,0,0,0,0,750.56384,750.5606,0,
554,751.4787430302418,17.2218,,,,,,,,,,,0,0,0,751.4952,0,0,0,0,0,0,0,0,0,
518,752.4801175043311,16.676916,,,,,,,,,,,0,0,0,752.4869,0,0,0,0,0,0,0,752.4817,752.48676,
153,754.3534445169948,6.39015,,,,,,,,,,,0,0,0,0,0,0,0,0,0,0,0,0,754.3562,
593,756.5447422533712,18.016201,,,,,,,,,,,0,0,0,0,0,0,0,0,0,756.55237,0,0,0,
428,765.4339713124821,14.529717,,,,,,,,,,,0,0,0,0,0,0,0,0,0,0,0,765.43646,0,
348,767.4527245953149,13.371628,,,,,,,,,,,767.4597,0,767.455,767.45483,0,0,0,0,0,0,767.45685,767.455,767.45416,
548,773.4597333758793,17.089993,,,,,,,,,,,0,0,0,773.46436,0,0,0,0,0,0,0,773.46747,0,
531,773.5210579745592,16.866816,,,,,,,,,,,0,0,0,0,0,0,0,0,0,0,0,0,773.52606,
576,773.5560338141162,17.880424,,,,,,,,,,,0,0,0,773.561,0,0,0,0,0,0,0,773.5593,0,
647,774.5593483311354,19.046032,,,,,,,,,,,0,0,774.56573,0,0,0,0,0,0,0,0,0,0,
472,778.5470317220409,15.745584,,,,,,,,,,,0,0,0,0,0,0,0,0,0,0,0,0,778.556,
614,782.5582158537554,18.599117,,,,,,,,,,,782.56726,0,0,0,0,0,0,0,0,0,0,782.5614,0,
674,782.5648384136431,19.797216,,,,,,,,,,,0,0,0,0,0,0,0,0,0,0,782.57043,0,0,
521,786.5951569440028,16.715134,,,,,,,,,,,0,0,0,0,0,0,0,786.6028,0,0,0,0,0,
587,787.5367011151232,17.91725,,,,,,,,,,,0,0,0,787.5394,0,0,0,0,0,0,0,787.54834,0,
589,790.5803965808233,17.952002,,,,,,,,,,,0,0,0,790.5879,0,0,0,0,0,0,0,790.58295,790.5837,
473,792.5263520305298,15.745584,,,,,,,,,,,0,0,0,0,0,0,0,0,0,0,0,0,792.52966,
425,795.4462481040226,14.483978,,,,,,,,,,,0,0,0,795.4505,0,0,0,0,0,0,0,795.44763,795.4521,
529,795.496469302347,16.83925,,,,,,,,,,,0,0,0,0,0,0,0,0,0,0,0,795.50256,0,
577,795.5381917543336,17.88656,,,,,,,,,,,0,0,0,795.5418,0,0,0,0,0,0,0,795.54,795.54065,
361,797.4647548068234,13.222523,,,,,,,,,,,797.4694,797.4747,797.46606,797.465,797.4699,0,797.4721,0,797.4668,797.4678,797.47003,797.463,797.4646,
566,801.5537323829034,17.757317,,,,,,,,,,,0,0,0,0,0,0,0,0,0,0,0,0,801.56213,
568,804.5622113434696,17.795906,,,,,,,,,,,0,0,0,804.5682,0,0,0,0,0,0,0,804.56604,0,
573,809.5188675806565,17.86545,,,,,,,,,,,0,0,0,809.523,0,0,0,0,0,0,0,0,0,
595,810.521507578245,18.04442,,,,,,,,,,,0,0,0,810.52924,0,0,0,0,0,0,0,810.5228,810.5254,
582,831.5021584703859,17.900143,,,,,,,,,,,0,0,0,831.50977,0,0,0,0,0,0,0,831.5053,0,
584,831.56126680949,17.9151,,,,,,,,,,,0,0,0,0,0,0,0,0,0,0,0,0,831.5673,
645,831.5971741705806,19.0067,,,,,,,,,,,0,0,0,831.60455,0,0,0,0,0,0,0,831.5991,831.6026,
545,836.5872473978845,17.041517,,,,,,,,,,,0,0,0,0,0,0,0,0,0,0,0,0,836.5903,
615,845.5768968691216,18.60836,,,,,,,,,,,0,0,0,845.58374,0,0,0,0,0,0,0,845.5784,0,
569,847.5692833770125,17.802382,,,,,,,,,,,0,0,0,0,0,0,0,0,0,0,0,0,847.5723,
599,847.5715220041328,18.225,,,,,,,,,,,0,0,0,0,0,0,0,0,0,0,0,0,847.57495,
655,848.6230054561962,19.170023,,,,,,,,,,,0,0,0,848.63025,0,0,0,0,0,0,0,848.6261,848.62823,
553,850.5695181530516,17.19935,,,,,,,,,,,0,0,0,0,0,0,0,0,0,0,0,0,850.5784,
491,851.393303822218,15.989516,,,,,,,,,,,0,851.3977,851.39716,0,0,851.39703,0,0,0,0,0,0,0,
579,853.5405771153512,17.889818,,,,,,,,,,,0,0,0,0,0,0,0,0,0,0,0,853.5469,0,
641,853.5798572201338,18.96905,,,,,,,,,,,0,0,0,853.5854,0,0,0,0,0,0,0,853.5802,853.5842,
616,862.6034878496216,18.622684,,,,,,,,,,,0,0,0,862.6081,0,0,0,0,0,0,0,862.6051,0,
626,867.5610200259539,18.81226,,,,,,,,,,,0,0,0,867.56445,0,0,0,0,0,0,0,0,867.56323,
617,868.5633252758116,18.632822,,,,,,,,,,,0,0,0,868.569,0,0,0,0,0,0,0,868.56537,868.5712,
639,889.5436099117376,18.946625,,,,,,,,,,,0,0,0,889.5515,0,0,0,0,0,0,0,889.54486,0,
688,889.6361894057413,19.936794,,,,,,,,,,,0,0,0,889.64386,0,0,0,0,0,0,0,889.6319,889.6456,
648,891.6261253191196,19.081366,,,,,,,,,,,0,0,0,0,0,0,0,0,0,0,0,0,891.62885,
588,894.6282356806063,17.937634,,,,,,,,,,,0,0,0,0,0,0,0,0,0,0,0,0,894.6344,
661,903.6167149807793,19.400568,,,,,,,,,,,0,0,0,0,0,0,0,0,0,0,0,903.6224,0,
633,905.611842340021,18.855999,,,,,,,,,,,0,0,0,0,0,0,0,0,0,0,0,0,905.6153,
408,911.4906941252409,14.054167,,,,,,,,,,,0,0,0,0,0,0,0,0,0,0,0,911.4936,911.4951,
624,911.5820330382742,18.730232,,,,,,,,,,,0,0,0,0,0,0,0,0,0,0,0,911.58777,0,
347,913.5110353040633,13.001186,,,,,,,,,,,913.5159,913.5144,913.51117,913.51294,913.5164,0,913.5226,913.5145,913.51404,913.51263,913.5154,913.50867,913.50995,
397,920.4162149403306,13.866917,,,,,,,,,,,0,0,0,0,0,0,0,0,0,0,0,0,920.4204,
678,920.6455529924054,19.843052,,,,,,,,,,,0,0,0,920.65186,0,0,0,0,0,0,0,920.64777,0,
452,922.4324770495899,15.0121,,,,,,,,,,,0,0,0,0,0,0,0,0,0,0,0,0,922.4372,
695,925.6022440183738,19.98816,,,,,,,,,,,0,0,0,925.60925,0,0,0,0,0,0,0,0,925.6055,
303,931.6219683881645,12.0525055,,,,,,,,,,,0,931.62354,0,0,0,931.62494,0,931.62726,0,0,0,0,0,
374,941.5046643631163,13.594659,,,,,,,,,,,941.5188,0,0,941.5073,0,0,0,0,941.5085,0,941.51,941.50366,941.5045,
318,943.5199655497177,12.398522,,,,,,,,,,,943.5288,0,943.5211,0,0,0,0,0,0,0,0,943.5188,0,
338,943.5222693440671,12.898082,,,,,,,,,,,0,943.5285,0,943.52496,943.52673,943.52637,943.5289,943.52545,943.5247,943.5242,943.5289,0,943.5234,
687,947.5855016430371,19.927725,,,,,,,,,,,0,0,0,947.59064,0,0,0,0,0,0,0,947.5919,0,
630,952.6697881021754,18.833485,,,,,,,,,,,0,0,0,0,0,0,0,0,0,0,0,0,952.6768,
261,957.4964780562365,10.848936,,,,,,,,,,,957.5072,0,0,957.5011,0,0,0,0,0,0,957.50793,957.49884,957.49756,
237,959.5095022437049,10.172691,,,,,,,,,,,0,0,0,959.5138,0,0,0,0,0,0,0,959.51337,0,
314,959.515239968628,12.297085,,,,,,,,,,,959.52264,0,959.5152,959.5168,0,0,959.5243,0,959.51697,959.5181,959.5199,959.5134,959.51544,
682,963.6505623465273,19.875816,,,,,,,,,,,0,0,0,0,0,0,0,0,0,0,0,0,963.6559,
325,965.4985506190561,12.554128,,,,,,,,,,,0,0,0,965.5039,0,0,0,0,0,0,965.5069,965.5011,0,
604,966.6521459332432,18.42785,,,,,,,,,,,0,0,0,0,0,0,0,0,0,0,0,0,966.65894,
694,969.6245256701552,19.986418,,,,,,,,,,,0,0,0,0,0,0,0,0,0,0,0,969.6279,0,
375,1031.5868444265302,13.606226,,,,,,,,,,,0,1031.5905,0,0,0,1031.592,0,0,0,0,0,0,0,
203,1107.5533168380466,8.870716,,,,,,,,,,,1107.5583,0,0,0,0,0,0,0,0,0,1107.5604,0,0,
190,1269.6019885986818,8.269857,,,,,,,,,,,0,0,0,0,0,0,0,0,0,0,1269.6117,1269.601,0,
